<?xml version="1.0" encoding="UTF-8" ?>
<xml>
    <camera tipo='fps'>
        <velocidade avanco='3'/>
        <centro x='-70.99' y='37.74' z='-60.581' />
        <vista latitude='-0.256' longitude='1.167'/>
    </camera>
    <luzes>
        
        <luz tipo='ponto' y='170'>
            <ambiente r='0.2' g='0.2' b='0.2'/>
            <difusa g='1' b='1'/>
        </luz>
        <luz tipo='ponto' y='-170'>
            <difusa r='1' g='1' b='1'/>
        </luz>
        <luz tipo='ponto' x='170'>
            <difusa r='1' g='1' b='1'/>
        </luz>
        <luz tipo='ponto' x='-170'>
            <difusa r='1' g='1' b='1'/>
        </luz>
        <luz tipo='ponto' z='170'>
            <difusa r='1' g='1' b='1'/>
        </luz>
        <luz tipo='ponto' z='-170'>
            <ambiente r='0.2' g='0.2' b='0.2'/>
            <difusa r='1' g='1' b='1' />
        </luz>
        
    
        
    </luzes>
    <cena>
        <grupo> <!--SATELITE-->
            <grupo>
                <escala x='0.25' z='0.25'/>
                <modelo ficheiro='cilindro.vbo' textura='carbono.jpg'/>
            </grupo>
            <grupo>
                <translacao y='-4'/>
                <escala x='0.25' z='0.25'/>
                <modelo ficheiro='cilindro.vbo' textura='carbono.jpg'/>
            </grupo>
            <grupo>
                <translacao y='-8'/>
                <escala x='0.25' z='0.25'/>
                <modelo ficheiro='cilindro.vbo' textura='carbono.jpg'/>
            </grupo>
            <grupo>
                <translacao y='4'/>
                <modelo ficheiro='cone.vbo' textura='plutao.jpg'/>
            </grupo>
            <grupo>
                <translacao y='-7'/>
                <rotacao angulo='180' x='1'/>
                <escala x='2' y='2' z='2'/>
                <modelo ficheiro='cone.vbo' textura='laranja.jpg'/>
            </grupo>
            <grupo>
                <translacao y='-14'/>
                <escala x='5' y='8' z='5'/>
                <modelo ficheiro='cubo.vbo' textura='metal.jpg'/>
            </grupo>
            <grupo>
                <translacao x='-3' y='-17' z='0'/>
                <escala x='2' y='4' z='2'/>
                <modelo ficheiro='cubo.vbo' textura='carbono.jpg'/>
            </grupo>
            <grupo>
                <translacao x='3' y='-17' z='0'/>
                <escala x='2' y='4' z='2'/>
                <modelo ficheiro='cubo.vbo' textura='carbono.jpg'/>
            </grupo>
            <grupo>
                <translacao x='0' y='-17' z='0'/>
                <rotacao angulo='130' y='1' z='0'/>
                <escala x='18' y='8' z='8'/>
                <modelo ficheiro='plano.vbo' textura='painelfoto.jpg'/>
            </grupo>
            <grupo>
                <translacao x='0' y='-17' z='0'/>
                <rotacao angulo='310' y='1' z='0'/>
                <escala x='18' y='8' z='8'/>
                <modelo ficheiro='plano.vbo' textura='painelfoto.jpg'/>
            </grupo>
            <grupo>
                <translacao x='0' y='-17' z='0'/>
                <rotacao angulo='50' y='1' z='0'/>
                <escala x='18' y='8' z='8'/>
                <modelo ficheiro='plano.vbo' textura='painelfoto.jpg'/>
            </grupo>
            <grupo>
                <translacao x='0' y='-17' z='0'/>
                <rotacao angulo='230' y='1' z='0'/>
                <escala x='18' y='8' z='8'/>
                <modelo ficheiro='plano.vbo' textura='painelfoto.jpg'/>
            </grupo>
        </grupo>
    </cena>
</xml>

